"Index","PCECC96","DPIC96","POPTHM"
"1959-01-01",2039.017,2327.444,175818
"1959-04-01",2070.508,2364.977,176503
"1959-07-01",2092.138,2361.784,177208
"1959-10-01",2094.495,2378.605,178026
"1960-01-01",2114.532,2406.059,178925
"1960-04-01",2141.205,2421.621,180067
"1960-07-01",2132.646,2426.236,181028
"1960-10-01",2135.408,2425.231,181807
"1961-01-01",2134.615,2448.14,182404
"1961-04-01",2166.382,2485.33,183105
"1961-07-01",2176.916,2518.39,183825
"1961-10-01",2220.704,2567.495,184654
"1962-01-01",2244.227,2592.806,185347
"1962-04-01",2271.817,2620.784,185981
"1962-07-01",2290.126,2634.877,186664
"1962-10-01",2322.53,2658.27,187449
"1963-01-01",2338.799,2681.376,188113
"1963-04-01",2360.869,2706.043,188685
"1963-07-01",2392.896,2735.67,189369
"1963-10-01",2412.836,2780.21,190147
"1964-01-01",2460.191,2834.596,190763
"1964-04-01",2503.709,2911.035,191346
"1964-07-01",2549.958,2948.996,192010
"1964-10-01",2557.236,2982.565,192739
"1965-01-01",2614.265,3017.672,193308
"1965-04-01",2643.097,3051.732,193799
"1965-07-01",2688.512,3135.14,194416
"1965-10-01",2764.094,3198.311,195096
"1966-01-01",2804.899,3229.916,195614
"1966-04-01",2812.086,3238.486,196089
"1966-07-01",2844.198,3278.055,196661
"1966-10-01",2856.047,3316.465,197303
"1967-01-01",2872.504,3366.472,197814
"1967-04-01",2911.776,3393.192,198287
"1967-07-01",2926.685,3425.442,198812
"1967-10-01",2944.594,3450.452,199405
"1968-01-01",3015.162,3507.99,199864
"1968-04-01",3061.075,3565.717,200285
"1968-07-01",3118.445,3577.118,200802
"1968-10-01",3132.511,3604.797,201378
"1969-01-01",3167.245,3613.735,201821
"1969-04-01",3187.677,3649.115,202246
"1969-07-01",3203.218,3723.489,202777
"1969-10-01",3228.82,3751.967,203401
"1970-01-01",3248.853,3791.373,203929
"1970-04-01",3263.571,3838.128,204504
"1970-07-01",3292.183,3899.453,205174
"1970-10-01",3283.245,3890.124,205906
"1971-01-01",3346.268,3967.754,206567
"1971-04-01",3377.022,4025.541,207163
"1971-07-01",3403.947,4046.575,207771
"1971-10-01",3460.427,4093.754,208450
"1972-01-01",3506.098,4112.5,208989
"1972-04-01",3572.842,4155.218,209466
"1972-07-01",3627.904,4236.036,209986
"1972-10-01",3713.038,4405.825,210568
"1973-01-01",3780.829,4439.242,211053
"1973-04-01",3779.125,4476.707,211499
"1973-07-01",3792.426,4496.944,212001
"1973-10-01",3781.115,4546.145,212555
"1974-01-01",3747.286,4470.667,213003
"1974-04-01",3760.779,4429.087,213437
"1974-07-01",3776.934,4433.089,213948
"1974-10-01",3721.726,4427.166,214538
"1975-01-01",3752.942,4420.507,214998
"1975-04-01",3814.672,4624.985,215438
"1975-07-01",3868.889,4557.752,216084
"1975-10-01",3910.492,4593.382,216679
"1976-01-01",3988.677,4648.85,217172
"1976-04-01",4025.375,4675.253,217607
"1976-07-01",4067.757,4711.731,218134
"1976-10-01",4120.536,4741.624,218739
"1977-01-01",4169.104,4752.281,219262
"1977-04-01",4191.711,4796.947,219772
"1977-07-01",4231.345,4863.605,220349
"1977-10-01",4294.965,4956.571,221007
"1978-01-01",4319.094,4995.434,221553
"1978-04-01",4411.431,5048.307,222084
"1978-07-01",4429.955,5087.571,222697
"1978-10-01",4465.702,5121.04,223383
"1979-01-01",4488.83,5182.406,223973
"1979-04-01",4485.916,5135.53,224529
"1979-07-01",4529.568,5159.548,225174
"1979-10-01",4540.839,5170.075,225893
"1980-01-01",4534.348,5189.801,226554
"1980-04-01",4432.231,5144.288,227156
"1980-07-01",4480.849,5200.481,227840
"1980-10-01",4541.39,5270.033,228515
"1981-01-01",4556.603,5260.568,229004
"1981-04-01",4556.934,5264.986,229489
"1981-07-01",4578.013,5377.654,230077
"1981-10-01",4546.699,5381.607,230732
"1982-01-01",4580.19,5394.349,231235
"1982-04-01",4594.142,5427.895,231727
"1982-07-01",4624.939,5455.773,232290
"1982-10-01",4705.953,5475.78,232905
"1983-01-01",4752.481,5530.602,233398
"1983-04-01",4849.254,5570.132,233852
"1983-07-01",4936.211,5653.01,234404
"1983-10-01",5014.874,5775.762,234993
"1984-01-01",5056.492,5886.423,235456
"1984-04-01",5127.332,5981.246,235916
"1984-07-01",5165.357,6059.29,236449
"1984-10-01",5232.266,6109.391,237068
"1985-01-01",5321.159,6094.725,237535
"1985-04-01",5370.011,6216.366,237987
"1985-07-01",5472.014,6199.198,238573
"1985-10-01",5483.866,6267.385,239210
"1986-01-01",5531.807,6352.191,239713
"1986-04-01",5592.08,6431.976,240183
"1986-07-01",5690.971,6467.893,240753
"1986-10-01",5725.812,6468.798,241371
"1987-01-01",5731.226,6516.465,241857
"1987-04-01",5809.376,6449.165,242338
"1987-07-01",5875.641,6565.052,242908
"1987-10-01",5888.065,6659.742,243543
"1988-01-01",5992.101,6769.32,244056
"1988-04-01",6036.355,6846.743,244528
"1988-07-01",6090.001,6916.391,245131
"1988-10-01",6159.246,6982.304,245789
"1989-01-01",6187.816,7057.801,246301
"1989-04-01",6216.695,7034.622,246814
"1989-07-01",6276.877,7080.9,247458
"1989-10-01",6304.157,7141.774,248174
"1990-01-01",6357.213,7198.988,248743
"1990-04-01",6376.579,7252.12,249436
"1990-07-01",6401.841,7253.072,250285
"1990-10-01",6353.139,7195.145,251201
"1991-01-01",6329.249,7217.203,252012
"1991-04-01",6381.703,7271.412,252778
"1991-07-01",6413.521,7299.381,253650
"1991-10-01",6410.312,7356.679,254576
"1992-01-01",6530.335,7498.634,255331
"1992-04-01",6574.665,7568.955,256139
"1992-07-01",6645.14,7601.736,257063
"1992-10-01",6724.342,7635.426,258004
"1993-01-01",6750.123,7664.497,258799
"1993-04-01",6811.522,7688.356,259547
"1993-07-01",6887.329,7694.711,260411
"1993-10-01",6947.788,7748.23,261294
"1994-01-01",7027.255,7798.612,262021
"1994-04-01",7081.931,7876.413,262754
"1994-07-01",7135.93,7922.793,263580
"1994-10-01",7213.079,8036.225,264430
"1995-01-01",7231.032,8104.055,265157
"1995-04-01",7294.424,8126.503,265877
"1995-07-01",7360.529,8200.09,266700
"1995-10-01",7411.873,8246.721,267585
"1996-01-01",7480.231,8323.458,268258
"1996-04-01",7560.702,8398.628,268980
"1996-07-01",7606.475,8464.222,269822
"1996-10-01",7667.062,8506.952,270730
"1997-01-01",7747.88,8584.917,271472
"1997-04-01",7782.76,8658.721,272213
"1997-07-01",7915.359,8761.097,273074
"1997-10-01",8009.964,8890.468,273989
"1998-01-01",8090.987,9079.491,274732
"1998-04-01",8233.463,9206.767,275434
"1998-07-01",8340.831,9298.291,276266
"1998-10-01",8461.33,9367.951,277140
"1999-01-01",8548.235,9468.137,277891
"1999-04-01",8679.143,9474.54,278584
"1999-07-01",8776.715,9541.544,279448
"1999-10-01",8905.093,9665.147,280337
"2000-01-01",9039.743,9833.872,281083
"2000-04-01",9124.152,9950.19,281763
"2000-07-01",9211.569,10081.461,282504
"2000-10-01",9292.05,10148.995,283285
"2001-01-01",9325.751,10229.862,283960
"2001-04-01",9344.486,10221.913,284602
"2001-07-01",9377.003,10455.451,285324
"2001-10-01",9528.302,10282.075,286086
"2002-01-01",9549.516,10528.392,286739
"2002-04-01",9597.82,10612.984,287343
"2002-07-01",9664.988,10625.868,288051
"2002-10-01",9718.745,10690.885,288794
"2003-01-01",9766.616,10693.57,289412
"2003-04-01",9878.442,10815.095,290024
"2003-07-01",10018.122,10999.396,290726
"2003-10-01",10087.092,11029.28,291463
"2004-01-01",10181.141,11079.226,292046
"2004-04-01",10236.694,11192.715,292651
"2004-07-01",10356.936,11264.886,293350
"2004-10-01",10474.084,11396.02,294104
"2005-01-01",10540.638,11241.419,294768
"2005-04-01",10657.449,11344.156,295359
"2005-07-01",10745.873,11386.022,296077
"2005-10-01",10765.68,11487.984,296857
"2006-01-01",10883.075,11700.733,297526
"2006-04-01",10939.498,11744.34,298170
"2006-07-01",11009.748,11761.357,298910
"2006-10-01",11114.771,11904.732,299710
"2007-01-01",11183.323,11995.959,300398
"2007-04-01",11212.669,12055.316,301045
"2007-07-01",11287.468,12075.627,301790
"2007-10-01",11331.949,12090.326,302590
"2008-01-01",11316.411,12141.632,303280
"2008-04-01",11347.595,12391.597,303926
"2008-07-01",11260.136,12152.792,304646
"2008-10-01",11158.801,12291.354,305403
"2009-01-01",11130.464,12282.014,306035
"2009-04-01",11075.748,12364.247,306645
"2009-07-01",11150.23,12214.676,307322
"2009-10-01",11137.946,12232.605,308071
"2010-01-01",11202.495,12306.043,308706
"2010-04-01",11302.955,12510.578,309289
"2010-07-01",11383.596,12578.497,309913
"2010-10-01",11453.368,12626.116,310612
"2011-01-01",11497.12,12753.088,311204
"2011-04-01",11508.95,12727.814,311740
"2011-07-01",11543.975,12795.613,312372
"2011-10-01",11563.89,12824.419,313060
"2012-01-01",11647.297,13021.21,313636
"2012-04-01",11667.753,13108.717,314176
"2012-07-01",11691.414,13004.868,314796
"2012-10-01",11738.007,13366.76,315485
"2013-01-01",11814.326,12837.167,316038
"2013-04-01",11848.089,12934.442,316535
"2013-07-01",11896.258,12979.638,317156
"2013-10-01",12001.027,12997.522,317864
"2014-01-01",12044.203,13149.135,318464
"2014-04-01",12159.899,13314.492,319020
"2014-07-01",12280.086,13439.658,319670
"2014-10-01",12421.595,13631.343,320403
"2015-01-01",12516.902,13818.963,320997
"2015-04-01",12603.053,13860.572,321538
"2015-07-01",12691.79,13937.925,322186
"2015-10-01",12743.411,14016.837,322901
"2016-01-01",12839.618,14130.636,323509
"2016-04-01",12903.306,14102.14,324061
"2016-07-01",12993.064,14181.975,324697
"2016-10-01",13060.061,14274.209,325368
"2017-01-01",13160.475,14422.281,325901
"2017-04-01",13225.743,14579.572,326371
"2017-07-01",13315.382,14681.438,326939
"2017-10-01",13460.902,14772.454,327528
"2018-01-01",13558.373,14927.505,327969
"2018-04-01",13630.967,15061.42,328364
"2018-07-01",13693.79,15220.277,328863
"2018-10-01",13736.572,15365.341,329379
"2019-01-01",13758.331,15554.293,329766
"2019-04-01",13875.705,15542.915,330103
"2019-07-01",14033.222,15647.739,330553
"2019-10-01",14125.274,15722.81,331066
"2020-01-01",13887.048,15814.642,331443
"2020-04-01",12685.319,17389.763,331750
"2020-07-01",13813.706,16792.139,331862
"2020-10-01",14001.366,16450.884,332092
"2021-01-01",14323.489,18474.044,332059
"2021-04-01",14827.755,17052.883,332141
"2021-07-01",14950.943,16896.345,332454
"2021-10-01",15091.564,16716.481,332955
"2022-01-01",15106.043,16200.64,333349
"2022-04-01",15230.65,16116.933,333776
"2022-07-01",15273.951,16355.92,334370
"2022-10-01",15303.311,16527.44,335125
"2023-01-01",15468.85,17003.024,335770
"2023-04-01",15503.616,17207.587,336406
"2023-07-01",15609.126,17341.06,337147
"2023-10-01",15731.54,17516.684,338021
"2024-01-01",15800.151,17686.506,338787
"2024-04-01",15952.603,17812.499,339554
"2024-07-01",16098.447,17867.729,340335
"2024-10-01",16267.103,17944.477,340855
"2025-01-01",16293.298,17995.311,341268
"2025-04-01",16378.319,18116.806,341632
